﻿<?xml version="1.0"?>
<doc>
<assembly>
<name>
TestMrp
</name>
</assembly>
<members>
<member name="T:TestMrp.Application">
<summary>
Application
</summary>
</member>
<member name="M:TestMrp.Application.InitializeComponent">
<summary>
InitializeComponent
</summary>
</member>
<member name="M:TestMrp.Application.Main">
<summary>
Application Entry Point.
</summary>
</member>
<member name="T:TestMrp.MainWindow">
<summary>
MainWindow
</summary>
</member>
<member name="M:TestMrp.MainWindow.InitializeComponent">
<summary>
InitializeComponent
</summary>
</member>
<member name="T:TestMrp.My.MyWpfExtension">
 <summary>
 用于定义“我的 WPF 命名空间”中的可用属性的模块
 </summary>
 <remarks></remarks>
</member>
<member name="P:TestMrp.My.MyWpfExtension.Application">
 <summary>
 返回正在运行的应用程序的应用程序对象
 </summary>
</member>
<member name="P:TestMrp.My.MyWpfExtension.Computer">
 <summary>
 返回有关主机计算机的信息。
 </summary>
</member>
<member name="P:TestMrp.My.MyWpfExtension.User">
 <summary>
 返回当前用户的信息。  如果希望使用当前的 
 Windows 用户凭据来运行应用程序，请调用 My.User.InitializeWithWindowsUser()。
 </summary>
</member>
<member name="P:TestMrp.My.MyWpfExtension.Log">
 <summary>
 返回应用程序日志。可以使用应用程序的配置文件配置侦听器。
 </summary>
</member>
<member name="P:TestMrp.My.MyWpfExtension.Windows">
 <summary>
 返回项目中定义的 Windows 集合。
 </summary>
</member>
<member name="T:TestMrp.My.Resources.Resources">
<summary>
  A strongly-typed resource class, for looking up localized strings, etc.
</summary>
</member>
<member name="P:TestMrp.My.Resources.Resources.ResourceManager">
<summary>
  Returns the cached ResourceManager instance used by this class.
</summary>
</member>
<member name="P:TestMrp.My.Resources.Resources.Culture">
<summary>
  Overrides the current thread's CurrentUICulture property for all
  resource lookups using this strongly typed resource class.
</summary>
</member>
</members>
</doc>
